address,blockNumber,timeStamp,methodId,functionName,functionName_without_parms,isError
0x869eb8a1a479a80f9907673eae8336625dc3e526,6949377,1545728612,0x60806040,"atInversebrah(int248 a, uint48[] b, uint32 c, bytes20[] d, bytes30[] e)",atInversebrah,0
0x869eb8a1a479a80f9907673eae8336625dc3e526,6949388,1545728705,0xfaad6eb5,"updateAgent(address _agent, bool _status)",updateAgent,0
0x869eb8a1a479a80f9907673eae8336625dc3e526,6949404,1545728968,0x30893e47,"setRefGroup(int256 _ID, address _referrer)",setRefGroup,0
0x869eb8a1a479a80f9907673eae8336625dc3e526,6949407,1545729053,0x30893e47,"setRefGroup(int256 _ID, address _referrer)",setRefGroup,0
0x869eb8a1a479a80f9907673eae8336625dc3e526,6949411,1545729116,0x30893e47,"setRefGroup(int256 _ID, address _referrer)",setRefGroup,0
0x869eb8a1a479a80f9907673eae8336625dc3e526,6949743,1545733827,0xf2fde38b,transferOwnership(address newOwner),transferOwnership,0
0x869eb8a1a479a80f9907673eae8336625dc3e526,6949861,1545735524,0xe2dd3e0c,"CreateDuel(address _responder, int256 _referrerID)",CreateDuel,0
0x869eb8a1a479a80f9907673eae8336625dc3e526,6949926,1545736556,0xd5a50165,RespondDuel(uint256 _duelID),RespondDuel,0
0x869eb8a1a479a80f9907673eae8336625dc3e526,6949931,1545736653,0xe2dd3e0c,"CreateDuel(address _responder, int256 _referrerID)",CreateDuel,0
0x869eb8a1a479a80f9907673eae8336625dc3e526,6949931,1545736653,0xa5d54a9d,GetWin(uint256 _duelID),GetWin,0
0x869eb8a1a479a80f9907673eae8336625dc3e526,6949943,1545736765,0x38520451,DeleteDuel(uint256 _duelID),DeleteDuel,0
0x869eb8a1a479a80f9907673eae8336625dc3e526,6949945,1545736792,0xe2dd3e0c,"CreateDuel(address _responder, int256 _referrerID)",CreateDuel,0
0x869eb8a1a479a80f9907673eae8336625dc3e526,6949955,1545736907,0xd5a50165,RespondDuel(uint256 _duelID),RespondDuel,0
0x869eb8a1a479a80f9907673eae8336625dc3e526,6949959,1545736942,0xa5d54a9d,GetWin(uint256 _duelID),GetWin,0
0x869eb8a1a479a80f9907673eae8336625dc3e526,6949974,1545737113,0xe2dd3e0c,"CreateDuel(address _responder, int256 _referrerID)",CreateDuel,0
0x869eb8a1a479a80f9907673eae8336625dc3e526,6949977,1545737171,0xd5a50165,RespondDuel(uint256 _duelID),RespondDuel,0
0x869eb8a1a479a80f9907673eae8336625dc3e526,6949981,1545737238,0xa5d54a9d,GetWin(uint256 _duelID),GetWin,0
0x869eb8a1a479a80f9907673eae8336625dc3e526,6950034,1545737838,0xe2dd3e0c,"CreateDuel(address _responder, int256 _referrerID)",CreateDuel,0
0x869eb8a1a479a80f9907673eae8336625dc3e526,6950046,1545738066,0xbcbc8250,"setRefAddr(address _referral, address _referrer)",setRefAddr,0
0x869eb8a1a479a80f9907673eae8336625dc3e526,6950053,1545738140,0xd5a50165,RespondDuel(uint256 _duelID),RespondDuel,0
0x869eb8a1a479a80f9907673eae8336625dc3e526,6950054,1545738160,0xe2dd3e0c,"CreateDuel(address _responder, int256 _referrerID)",CreateDuel,0
0x869eb8a1a479a80f9907673eae8336625dc3e526,6950057,1545738175,0xa5d54a9d,GetWin(uint256 _duelID),GetWin,0
0x869eb8a1a479a80f9907673eae8336625dc3e526,6950060,1545738209,0xd5a50165,RespondDuel(uint256 _duelID),RespondDuel,0
0x869eb8a1a479a80f9907673eae8336625dc3e526,6950067,1545738311,0xa5d54a9d,GetWin(uint256 _duelID),GetWin,0
0x869eb8a1a479a80f9907673eae8336625dc3e526,6950084,1545738654,0xe2dd3e0c,"CreateDuel(address _responder, int256 _referrerID)",CreateDuel,0
0x869eb8a1a479a80f9907673eae8336625dc3e526,6950110,1545739020,0xe2dd3e0c,"CreateDuel(address _responder, int256 _referrerID)",CreateDuel,0
0x869eb8a1a479a80f9907673eae8336625dc3e526,6950164,1545739769,0xe2dd3e0c,"CreateDuel(address _responder, int256 _referrerID)",CreateDuel,0
0x869eb8a1a479a80f9907673eae8336625dc3e526,6950171,1545739891,0xd5a50165,RespondDuel(uint256 _duelID),RespondDuel,0
0x869eb8a1a479a80f9907673eae8336625dc3e526,6950171,1545739891,0xbcbc8250,"setRefAddr(address _referral, address _referrer)",setRefAddr,0
0x869eb8a1a479a80f9907673eae8336625dc3e526,6950176,1545739951,0xa5d54a9d,GetWin(uint256 _duelID),GetWin,0
0x869eb8a1a479a80f9907673eae8336625dc3e526,6950178,1545739962,0xe2dd3e0c,"CreateDuel(address _responder, int256 _referrerID)",CreateDuel,0
0x869eb8a1a479a80f9907673eae8336625dc3e526,6950182,1545740102,0xd5a50165,RespondDuel(uint256 _duelID),RespondDuel,0
0x869eb8a1a479a80f9907673eae8336625dc3e526,6950186,1545740143,0xa5d54a9d,GetWin(uint256 _duelID),GetWin,0
0x869eb8a1a479a80f9907673eae8336625dc3e526,6950193,1545740231,0xe2dd3e0c,"CreateDuel(address _responder, int256 _referrerID)",CreateDuel,0
0x869eb8a1a479a80f9907673eae8336625dc3e526,6950195,1545740282,0xd903aa97,withdrawRefAddr(),withdrawRefAddr,0
0x869eb8a1a479a80f9907673eae8336625dc3e526,6950199,1545740341,0xe2dd3e0c,"CreateDuel(address _responder, int256 _referrerID)",CreateDuel,0
0x869eb8a1a479a80f9907673eae8336625dc3e526,6950206,1545740424,0xe2dd3e0c,"CreateDuel(address _responder, int256 _referrerID)",CreateDuel,0
0x869eb8a1a479a80f9907673eae8336625dc3e526,6950223,1545740639,0xd5a50165,RespondDuel(uint256 _duelID),RespondDuel,0
0x869eb8a1a479a80f9907673eae8336625dc3e526,6950234,1545740793,0xd5a50165,RespondDuel(uint256 _duelID),RespondDuel,0
0x869eb8a1a479a80f9907673eae8336625dc3e526,6950237,1545740867,0xd5a50165,RespondDuel(uint256 _duelID),RespondDuel,0
0x869eb8a1a479a80f9907673eae8336625dc3e526,6950241,1545740914,0xa5d54a9d,GetWin(uint256 _duelID),GetWin,0
0x869eb8a1a479a80f9907673eae8336625dc3e526,6950241,1545740914,0xa5d54a9d,GetWin(uint256 _duelID),GetWin,0
0x869eb8a1a479a80f9907673eae8336625dc3e526,6950258,1545741155,0xa5d54a9d,GetWin(uint256 _duelID),GetWin,0
0x869eb8a1a479a80f9907673eae8336625dc3e526,6950308,1545741874,0xe2dd3e0c,"CreateDuel(address _responder, int256 _referrerID)",CreateDuel,0
0x869eb8a1a479a80f9907673eae8336625dc3e526,6950318,1545741985,0xd5a50165,RespondDuel(uint256 _duelID),RespondDuel,0
0x869eb8a1a479a80f9907673eae8336625dc3e526,6950322,1545742086,0xa5d54a9d,GetWin(uint256 _duelID),GetWin,0
0x869eb8a1a479a80f9907673eae8336625dc3e526,6950349,1545742632,0xe2dd3e0c,"CreateDuel(address _responder, int256 _referrerID)",CreateDuel,0
0x869eb8a1a479a80f9907673eae8336625dc3e526,6950353,1545742690,0xd5a50165,RespondDuel(uint256 _duelID),RespondDuel,0
0x869eb8a1a479a80f9907673eae8336625dc3e526,6950360,1545742730,0xe2dd3e0c,"CreateDuel(address _responder, int256 _referrerID)",CreateDuel,0
0x869eb8a1a479a80f9907673eae8336625dc3e526,6950360,1545742730,0xa5d54a9d,GetWin(uint256 _duelID),GetWin,0
0x869eb8a1a479a80f9907673eae8336625dc3e526,6950378,1545742968,0xd5a50165,RespondDuel(uint256 _duelID),RespondDuel,0
0x869eb8a1a479a80f9907673eae8336625dc3e526,6950380,1545742997,0xd5a50165,RespondDuel(uint256 _duelID),RespondDuel,0
0x869eb8a1a479a80f9907673eae8336625dc3e526,6950383,1545743044,0xa5d54a9d,GetWin(uint256 _duelID),GetWin,0
0x869eb8a1a479a80f9907673eae8336625dc3e526,6950392,1545743140,0xa5d54a9d,GetWin(uint256 _duelID),GetWin,0
0x869eb8a1a479a80f9907673eae8336625dc3e526,6950402,1545743346,0xd5a50165,RespondDuel(uint256 _duelID),RespondDuel,0
0x869eb8a1a479a80f9907673eae8336625dc3e526,6950405,1545743377,0xa5d54a9d,GetWin(uint256 _duelID),GetWin,0
0x869eb8a1a479a80f9907673eae8336625dc3e526,6950410,1545743451,0xe2dd3e0c,"CreateDuel(address _responder, int256 _referrerID)",CreateDuel,0
0x869eb8a1a479a80f9907673eae8336625dc3e526,6950413,1545743510,0xd5a50165,RespondDuel(uint256 _duelID),RespondDuel,0
0x869eb8a1a479a80f9907673eae8336625dc3e526,6950417,1545743559,0xa5d54a9d,GetWin(uint256 _duelID),GetWin,0
0x869eb8a1a479a80f9907673eae8336625dc3e526,6950421,1545743628,0xe2dd3e0c,"CreateDuel(address _responder, int256 _referrerID)",CreateDuel,0
0x869eb8a1a479a80f9907673eae8336625dc3e526,6950425,1545743681,0xe2dd3e0c,"CreateDuel(address _responder, int256 _referrerID)",CreateDuel,0
0x869eb8a1a479a80f9907673eae8336625dc3e526,6950425,1545743681,0xe2dd3e0c,"CreateDuel(address _responder, int256 _referrerID)",CreateDuel,0
0x869eb8a1a479a80f9907673eae8336625dc3e526,6950431,1545743741,0xd5a50165,RespondDuel(uint256 _duelID),RespondDuel,0
0x869eb8a1a479a80f9907673eae8336625dc3e526,6950439,1545743816,0xa5d54a9d,GetWin(uint256 _duelID),GetWin,0
0x869eb8a1a479a80f9907673eae8336625dc3e526,6950445,1545743935,0xd5a50165,RespondDuel(uint256 _duelID),RespondDuel,0
0x869eb8a1a479a80f9907673eae8336625dc3e526,6950450,1545744033,0xa5d54a9d,GetWin(uint256 _duelID),GetWin,0
0x869eb8a1a479a80f9907673eae8336625dc3e526,6950455,1545744122,0xe2dd3e0c,"CreateDuel(address _responder, int256 _referrerID)",CreateDuel,0
0x869eb8a1a479a80f9907673eae8336625dc3e526,6950461,1545744223,0xd5a50165,RespondDuel(uint256 _duelID),RespondDuel,0
0x869eb8a1a479a80f9907673eae8336625dc3e526,6950467,1545744318,0xa5d54a9d,GetWin(uint256 _duelID),GetWin,0
0x869eb8a1a479a80f9907673eae8336625dc3e526,6950475,1545744420,0xe2dd3e0c,"CreateDuel(address _responder, int256 _referrerID)",CreateDuel,0
0x869eb8a1a479a80f9907673eae8336625dc3e526,6950524,1545745279,0xd5a50165,RespondDuel(uint256 _duelID),RespondDuel,0
0x869eb8a1a479a80f9907673eae8336625dc3e526,6950524,1545745279,0xe2dd3e0c,"CreateDuel(address _responder, int256 _referrerID)",CreateDuel,0
0x869eb8a1a479a80f9907673eae8336625dc3e526,6950528,1545745396,0xa5d54a9d,GetWin(uint256 _duelID),GetWin,0
0x869eb8a1a479a80f9907673eae8336625dc3e526,6950531,1545745440,0xe2dd3e0c,"CreateDuel(address _responder, int256 _referrerID)",CreateDuel,0
0x869eb8a1a479a80f9907673eae8336625dc3e526,6950670,1545747458,0xe2dd3e0c,"CreateDuel(address _responder, int256 _referrerID)",CreateDuel,0
0x869eb8a1a479a80f9907673eae8336625dc3e526,6950747,1545748582,0xe2dd3e0c,"CreateDuel(address _responder, int256 _referrerID)",CreateDuel,0
0x869eb8a1a479a80f9907673eae8336625dc3e526,6950754,1545748643,0xe2dd3e0c,"CreateDuel(address _responder, int256 _referrerID)",CreateDuel,0
0x869eb8a1a479a80f9907673eae8336625dc3e526,6950764,1545748827,0xe2dd3e0c,"CreateDuel(address _responder, int256 _referrerID)",CreateDuel,0
0x869eb8a1a479a80f9907673eae8336625dc3e526,6950768,1545748947,0xe2dd3e0c,"CreateDuel(address _responder, int256 _referrerID)",CreateDuel,0
0x869eb8a1a479a80f9907673eae8336625dc3e526,6950784,1545749113,0xd5a50165,RespondDuel(uint256 _duelID),RespondDuel,0
0x869eb8a1a479a80f9907673eae8336625dc3e526,6950790,1545749173,0xa5d54a9d,GetWin(uint256 _duelID),GetWin,0
0x869eb8a1a479a80f9907673eae8336625dc3e526,6950810,1545749508,0xd5a50165,RespondDuel(uint256 _duelID),RespondDuel,0
0x869eb8a1a479a80f9907673eae8336625dc3e526,6950815,1545749595,0xa5d54a9d,GetWin(uint256 _duelID),GetWin,0
0x869eb8a1a479a80f9907673eae8336625dc3e526,6950819,1545749624,0xe2dd3e0c,"CreateDuel(address _responder, int256 _referrerID)",CreateDuel,0
0x869eb8a1a479a80f9907673eae8336625dc3e526,6950830,1545749758,0xd5a50165,RespondDuel(uint256 _duelID),RespondDuel,0
0x869eb8a1a479a80f9907673eae8336625dc3e526,6950835,1545749819,0xa5d54a9d,GetWin(uint256 _duelID),GetWin,0
0x869eb8a1a479a80f9907673eae8336625dc3e526,6950855,1545750109,0xd5a50165,RespondDuel(uint256 _duelID),RespondDuel,0
0x869eb8a1a479a80f9907673eae8336625dc3e526,6950859,1545750192,0xa5d54a9d,GetWin(uint256 _duelID),GetWin,0
0x869eb8a1a479a80f9907673eae8336625dc3e526,6950861,1545750212,0x38520451,DeleteDuel(uint256 _duelID),DeleteDuel,0
0x869eb8a1a479a80f9907673eae8336625dc3e526,6950898,1545750800,0xd5a50165,RespondDuel(uint256 _duelID),RespondDuel,0
0x869eb8a1a479a80f9907673eae8336625dc3e526,6950902,1545750840,0xa5d54a9d,GetWin(uint256 _duelID),GetWin,0
0x869eb8a1a479a80f9907673eae8336625dc3e526,6951006,1545752472,0xd5a50165,RespondDuel(uint256 _duelID),RespondDuel,0
0x869eb8a1a479a80f9907673eae8336625dc3e526,6951010,1545752550,0xa5d54a9d,GetWin(uint256 _duelID),GetWin,0
0x869eb8a1a479a80f9907673eae8336625dc3e526,6951075,1545753619,0xd5a50165,RespondDuel(uint256 _duelID),RespondDuel,0
0x869eb8a1a479a80f9907673eae8336625dc3e526,6951080,1545753692,0xa5d54a9d,GetWin(uint256 _duelID),GetWin,0
0x869eb8a1a479a80f9907673eae8336625dc3e526,6951298,1545756850,0xe2dd3e0c,"CreateDuel(address _responder, int256 _referrerID)",CreateDuel,0
0x869eb8a1a479a80f9907673eae8336625dc3e526,6951302,1545756946,0xe2dd3e0c,"CreateDuel(address _responder, int256 _referrerID)",CreateDuel,0
0x869eb8a1a479a80f9907673eae8336625dc3e526,6951417,1545758516,0xd5a50165,RespondDuel(uint256 _duelID),RespondDuel,0
0x869eb8a1a479a80f9907673eae8336625dc3e526,6951421,1545758609,0xa5d54a9d,GetWin(uint256 _duelID),GetWin,0
0x869eb8a1a479a80f9907673eae8336625dc3e526,6953438,1545787754,0xe2dd3e0c,"CreateDuel(address _responder, int256 _referrerID)",CreateDuel,0
0x869eb8a1a479a80f9907673eae8336625dc3e526,6953454,1545787925,0xe2dd3e0c,"CreateDuel(address _responder, int256 _referrerID)",CreateDuel,0
0x869eb8a1a479a80f9907673eae8336625dc3e526,6953496,1545788543,0xd5a50165,RespondDuel(uint256 _duelID),RespondDuel,0
0x869eb8a1a479a80f9907673eae8336625dc3e526,6953503,1545788618,0xa5d54a9d,GetWin(uint256 _duelID),GetWin,0
0x869eb8a1a479a80f9907673eae8336625dc3e526,6953504,1545788632,0x38520451,DeleteDuel(uint256 _duelID),DeleteDuel,0
0x869eb8a1a479a80f9907673eae8336625dc3e526,6953510,1545788777,0xe2dd3e0c,"CreateDuel(address _responder, int256 _referrerID)",CreateDuel,0
0x869eb8a1a479a80f9907673eae8336625dc3e526,6953550,1545789407,0xd5a50165,RespondDuel(uint256 _duelID),RespondDuel,0
0x869eb8a1a479a80f9907673eae8336625dc3e526,6953553,1545789422,0xa5d54a9d,GetWin(uint256 _duelID),GetWin,0
0x869eb8a1a479a80f9907673eae8336625dc3e526,6953559,1545789512,0xd5a50165,RespondDuel(uint256 _duelID),RespondDuel,0
0x869eb8a1a479a80f9907673eae8336625dc3e526,6953564,1545789627,0xa5d54a9d,GetWin(uint256 _duelID),GetWin,0
0x869eb8a1a479a80f9907673eae8336625dc3e526,6953575,1545789780,0xe2dd3e0c,"CreateDuel(address _responder, int256 _referrerID)",CreateDuel,0
0x869eb8a1a479a80f9907673eae8336625dc3e526,6953578,1545789846,0xd5a50165,RespondDuel(uint256 _duelID),RespondDuel,0
0x869eb8a1a479a80f9907673eae8336625dc3e526,6953584,1545789885,0xa5d54a9d,GetWin(uint256 _duelID),GetWin,0
0x869eb8a1a479a80f9907673eae8336625dc3e526,6953586,1545789899,0xe2dd3e0c,"CreateDuel(address _responder, int256 _referrerID)",CreateDuel,0
0x869eb8a1a479a80f9907673eae8336625dc3e526,6953591,1545789954,0xd5a50165,RespondDuel(uint256 _duelID),RespondDuel,0
0x869eb8a1a479a80f9907673eae8336625dc3e526,6953596,1545790031,0xa5d54a9d,GetWin(uint256 _duelID),GetWin,0
0x869eb8a1a479a80f9907673eae8336625dc3e526,6953604,1545790129,0xe2dd3e0c,"CreateDuel(address _responder, int256 _referrerID)",CreateDuel,0
0x869eb8a1a479a80f9907673eae8336625dc3e526,6953609,1545790251,0xd5a50165,RespondDuel(uint256 _duelID),RespondDuel,0
0x869eb8a1a479a80f9907673eae8336625dc3e526,6953615,1545790292,0xa5d54a9d,GetWin(uint256 _duelID),GetWin,0
0x869eb8a1a479a80f9907673eae8336625dc3e526,6953625,1545790405,0xe2dd3e0c,"CreateDuel(address _responder, int256 _referrerID)",CreateDuel,0
0x869eb8a1a479a80f9907673eae8336625dc3e526,6953706,1545791572,0xd5a50165,RespondDuel(uint256 _duelID),RespondDuel,0
0x869eb8a1a479a80f9907673eae8336625dc3e526,6953712,1545791613,0xa5d54a9d,GetWin(uint256 _duelID),GetWin,0
0x869eb8a1a479a80f9907673eae8336625dc3e526,6953714,1545791646,0xe2dd3e0c,"CreateDuel(address _responder, int256 _referrerID)",CreateDuel,0
0x869eb8a1a479a80f9907673eae8336625dc3e526,6953716,1545791658,0xe2dd3e0c,"CreateDuel(address _responder, int256 _referrerID)",CreateDuel,0
0x869eb8a1a479a80f9907673eae8336625dc3e526,6953719,1545791748,0xe2dd3e0c,"CreateDuel(address _responder, int256 _referrerID)",CreateDuel,0
0x869eb8a1a479a80f9907673eae8336625dc3e526,6953798,1545792800,0xd5a50165,RespondDuel(uint256 _duelID),RespondDuel,0
0x869eb8a1a479a80f9907673eae8336625dc3e526,6953803,1545792876,0xa5d54a9d,GetWin(uint256 _duelID),GetWin,0
0x869eb8a1a479a80f9907673eae8336625dc3e526,6953808,1545792975,0xd5a50165,RespondDuel(uint256 _duelID),RespondDuel,0
0x869eb8a1a479a80f9907673eae8336625dc3e526,6953814,1545793013,0xd5a50165,RespondDuel(uint256 _duelID),RespondDuel,0
0x869eb8a1a479a80f9907673eae8336625dc3e526,6953814,1545793013,0xa5d54a9d,GetWin(uint256 _duelID),GetWin,0
0x869eb8a1a479a80f9907673eae8336625dc3e526,6953818,1545793061,0xa5d54a9d,GetWin(uint256 _duelID),GetWin,0
0x869eb8a1a479a80f9907673eae8336625dc3e526,6953825,1545793128,0xe2dd3e0c,"CreateDuel(address _responder, int256 _referrerID)",CreateDuel,0
0x869eb8a1a479a80f9907673eae8336625dc3e526,6953843,1545793360,0xe2dd3e0c,"CreateDuel(address _responder, int256 _referrerID)",CreateDuel,0
0x869eb8a1a479a80f9907673eae8336625dc3e526,6953967,1545795030,0xd5a50165,RespondDuel(uint256 _duelID),RespondDuel,0
0x869eb8a1a479a80f9907673eae8336625dc3e526,6953967,1545795030,0xe2dd3e0c,"CreateDuel(address _responder, int256 _referrerID)",CreateDuel,0
0x869eb8a1a479a80f9907673eae8336625dc3e526,6953972,1545795155,0xe2dd3e0c,"CreateDuel(address _responder, int256 _referrerID)",CreateDuel,0
0x869eb8a1a479a80f9907673eae8336625dc3e526,6953972,1545795155,0xa5d54a9d,GetWin(uint256 _duelID),GetWin,0
0x869eb8a1a479a80f9907673eae8336625dc3e526,6954013,1545795657,0xd5a50165,RespondDuel(uint256 _duelID),RespondDuel,0
0x869eb8a1a479a80f9907673eae8336625dc3e526,6954019,1545795746,0xa5d54a9d,GetWin(uint256 _duelID),GetWin,0
0x869eb8a1a479a80f9907673eae8336625dc3e526,6954092,1545796723,0xe2dd3e0c,"CreateDuel(address _responder, int256 _referrerID)",CreateDuel,0
0x869eb8a1a479a80f9907673eae8336625dc3e526,6954095,1545796758,0xe2dd3e0c,"CreateDuel(address _responder, int256 _referrerID)",CreateDuel,0
0x869eb8a1a479a80f9907673eae8336625dc3e526,6954098,1545796798,0xe2dd3e0c,"CreateDuel(address _responder, int256 _referrerID)",CreateDuel,0
0x869eb8a1a479a80f9907673eae8336625dc3e526,6954128,1545797228,0xd5a50165,RespondDuel(uint256 _duelID),RespondDuel,0
0x869eb8a1a479a80f9907673eae8336625dc3e526,6954142,1545797510,0xa5d54a9d,GetWin(uint256 _duelID),GetWin,0
0x869eb8a1a479a80f9907673eae8336625dc3e526,6954147,1545797570,0xd5a50165,RespondDuel(uint256 _duelID),RespondDuel,0
0x869eb8a1a479a80f9907673eae8336625dc3e526,6954153,1545797598,0xa5d54a9d,GetWin(uint256 _duelID),GetWin,0
0x869eb8a1a479a80f9907673eae8336625dc3e526,6954165,1545797805,0xd5a50165,RespondDuel(uint256 _duelID),RespondDuel,0
0x869eb8a1a479a80f9907673eae8336625dc3e526,6954174,1545797925,0xa5d54a9d,GetWin(uint256 _duelID),GetWin,0
0x869eb8a1a479a80f9907673eae8336625dc3e526,6954177,1545797975,0xe2dd3e0c,"CreateDuel(address _responder, int256 _referrerID)",CreateDuel,0
0x869eb8a1a479a80f9907673eae8336625dc3e526,6954184,1545798133,0xe2dd3e0c,"CreateDuel(address _responder, int256 _referrerID)",CreateDuel,0
0x869eb8a1a479a80f9907673eae8336625dc3e526,6954192,1545798222,0xd5a50165,RespondDuel(uint256 _duelID),RespondDuel,0
0x869eb8a1a479a80f9907673eae8336625dc3e526,6954193,1545798238,0xe2dd3e0c,"CreateDuel(address _responder, int256 _referrerID)",CreateDuel,0
0x869eb8a1a479a80f9907673eae8336625dc3e526,6954198,1545798349,0xe2dd3e0c,"CreateDuel(address _responder, int256 _referrerID)",CreateDuel,0
0x869eb8a1a479a80f9907673eae8336625dc3e526,6954205,1545798460,0xe2dd3e0c,"CreateDuel(address _responder, int256 _referrerID)",CreateDuel,0
0x869eb8a1a479a80f9907673eae8336625dc3e526,6954227,1545798807,0xd5a50165,RespondDuel(uint256 _duelID),RespondDuel,0
0x869eb8a1a479a80f9907673eae8336625dc3e526,6954231,1545798849,0xa5d54a9d,GetWin(uint256 _duelID),GetWin,0
0x869eb8a1a479a80f9907673eae8336625dc3e526,6954238,1545798913,0xe2dd3e0c,"CreateDuel(address _responder, int256 _referrerID)",CreateDuel,0
0x869eb8a1a479a80f9907673eae8336625dc3e526,6954271,1545799344,0xe2dd3e0c,"CreateDuel(address _responder, int256 _referrerID)",CreateDuel,0
0x869eb8a1a479a80f9907673eae8336625dc3e526,6954291,1545799684,0xd5a50165,RespondDuel(uint256 _duelID),RespondDuel,0
0x869eb8a1a479a80f9907673eae8336625dc3e526,6954296,1545799794,0xa5d54a9d,GetWin(uint256 _duelID),GetWin,0
0x869eb8a1a479a80f9907673eae8336625dc3e526,6954330,1545800225,0xe2dd3e0c,"CreateDuel(address _responder, int256 _referrerID)",CreateDuel,0
0x869eb8a1a479a80f9907673eae8336625dc3e526,6954446,1545802267,0xd5a50165,RespondDuel(uint256 _duelID),RespondDuel,0
0x869eb8a1a479a80f9907673eae8336625dc3e526,6954449,1545802378,0xe2dd3e0c,"CreateDuel(address _responder, int256 _referrerID)",CreateDuel,0
0x869eb8a1a479a80f9907673eae8336625dc3e526,6954453,1545802405,0xa5d54a9d,GetWin(uint256 _duelID),GetWin,0
0x869eb8a1a479a80f9907673eae8336625dc3e526,6954460,1545802483,0xd5a50165,RespondDuel(uint256 _duelID),RespondDuel,0
0x869eb8a1a479a80f9907673eae8336625dc3e526,6954464,1545802549,0xa5d54a9d,GetWin(uint256 _duelID),GetWin,0
0x869eb8a1a479a80f9907673eae8336625dc3e526,6954471,1545802659,0xe2dd3e0c,"CreateDuel(address _responder, int256 _referrerID)",CreateDuel,0
0x869eb8a1a479a80f9907673eae8336625dc3e526,6954486,1545802879,0xe2dd3e0c,"CreateDuel(address _responder, int256 _referrerID)",CreateDuel,0
0x869eb8a1a479a80f9907673eae8336625dc3e526,6954516,1545803322,0xe2dd3e0c,"CreateDuel(address _responder, int256 _referrerID)",CreateDuel,0
0x869eb8a1a479a80f9907673eae8336625dc3e526,6954591,1545804336,0xd5a50165,RespondDuel(uint256 _duelID),RespondDuel,0
0x869eb8a1a479a80f9907673eae8336625dc3e526,6954596,1545804407,0xa5d54a9d,GetWin(uint256 _duelID),GetWin,0
0x869eb8a1a479a80f9907673eae8336625dc3e526,6954597,1545804431,0xd5a50165,RespondDuel(uint256 _duelID),RespondDuel,0
0x869eb8a1a479a80f9907673eae8336625dc3e526,6954602,1545804467,0xa5d54a9d,GetWin(uint256 _duelID),GetWin,0
0x869eb8a1a479a80f9907673eae8336625dc3e526,6954603,1545804501,0xd5a50165,RespondDuel(uint256 _duelID),RespondDuel,0
0x869eb8a1a479a80f9907673eae8336625dc3e526,6954607,1545804570,0xa5d54a9d,GetWin(uint256 _duelID),GetWin,0
0x869eb8a1a479a80f9907673eae8336625dc3e526,6954612,1545804744,0xd5a50165,RespondDuel(uint256 _duelID),RespondDuel,0
0x869eb8a1a479a80f9907673eae8336625dc3e526,6954621,1545804877,0xa5d54a9d,GetWin(uint256 _duelID),GetWin,0
0x869eb8a1a479a80f9907673eae8336625dc3e526,6954658,1545805522,0xe2dd3e0c,"CreateDuel(address _responder, int256 _referrerID)",CreateDuel,0
0x869eb8a1a479a80f9907673eae8336625dc3e526,6954924,1545809131,0xe2dd3e0c,"CreateDuel(address _responder, int256 _referrerID)",CreateDuel,0
0x869eb8a1a479a80f9907673eae8336625dc3e526,6955073,1545811094,0xd5a50165,RespondDuel(uint256 _duelID),RespondDuel,0
0x869eb8a1a479a80f9907673eae8336625dc3e526,6955077,1545811173,0xd5a50165,RespondDuel(uint256 _duelID),RespondDuel,0
0x869eb8a1a479a80f9907673eae8336625dc3e526,6955080,1545811197,0xe2dd3e0c,"CreateDuel(address _responder, int256 _referrerID)",CreateDuel,0
0x869eb8a1a479a80f9907673eae8336625dc3e526,6955084,1545811209,0xa5d54a9d,GetWin(uint256 _duelID),GetWin,0
0x869eb8a1a479a80f9907673eae8336625dc3e526,6955092,1545811304,0xd5a50165,RespondDuel(uint256 _duelID),RespondDuel,0
0x869eb8a1a479a80f9907673eae8336625dc3e526,6955096,1545811383,0xe2dd3e0c,"CreateDuel(address _responder, int256 _referrerID)",CreateDuel,0
0x869eb8a1a479a80f9907673eae8336625dc3e526,6955122,1545811658,0xa5d54a9d,GetWin(uint256 _duelID),GetWin,0
0x869eb8a1a479a80f9907673eae8336625dc3e526,6955136,1545811868,0xe2dd3e0c,"CreateDuel(address _responder, int256 _referrerID)",CreateDuel,0
0x869eb8a1a479a80f9907673eae8336625dc3e526,6955334,1545814776,0xd5a50165,RespondDuel(uint256 _duelID),RespondDuel,0
0x869eb8a1a479a80f9907673eae8336625dc3e526,6955336,1545814821,0xd5a50165,RespondDuel(uint256 _duelID),RespondDuel,1
0x869eb8a1a479a80f9907673eae8336625dc3e526,6955338,1545814861,0xa5d54a9d,GetWin(uint256 _duelID),GetWin,0
0x869eb8a1a479a80f9907673eae8336625dc3e526,6955343,1545814885,0xe2dd3e0c,"CreateDuel(address _responder, int256 _referrerID)",CreateDuel,0
0x869eb8a1a479a80f9907673eae8336625dc3e526,6955349,1545814947,0xd5a50165,RespondDuel(uint256 _duelID),RespondDuel,0
0x869eb8a1a479a80f9907673eae8336625dc3e526,6955354,1545815094,0xa5d54a9d,GetWin(uint256 _duelID),GetWin,0
0x869eb8a1a479a80f9907673eae8336625dc3e526,6955357,1545815141,0xe2dd3e0c,"CreateDuel(address _responder, int256 _referrerID)",CreateDuel,0
0x869eb8a1a479a80f9907673eae8336625dc3e526,6955366,1545815298,0xd5a50165,RespondDuel(uint256 _duelID),RespondDuel,0
0x869eb8a1a479a80f9907673eae8336625dc3e526,6955370,1545815370,0xa5d54a9d,GetWin(uint256 _duelID),GetWin,0
0x869eb8a1a479a80f9907673eae8336625dc3e526,6955414,1545816113,0xd5a50165,RespondDuel(uint256 _duelID),RespondDuel,0
0x869eb8a1a479a80f9907673eae8336625dc3e526,6955420,1545816187,0xa5d54a9d,GetWin(uint256 _duelID),GetWin,0
0x869eb8a1a479a80f9907673eae8336625dc3e526,6955490,1545817493,0xd5a50165,RespondDuel(uint256 _duelID),RespondDuel,0
0x869eb8a1a479a80f9907673eae8336625dc3e526,6955493,1545817530,0xa5d54a9d,GetWin(uint256 _duelID),GetWin,0
0x869eb8a1a479a80f9907673eae8336625dc3e526,6955504,1545817774,0xe2dd3e0c,"CreateDuel(address _responder, int256 _referrerID)",CreateDuel,0
0x869eb8a1a479a80f9907673eae8336625dc3e526,6955509,1545817830,0xe2dd3e0c,"CreateDuel(address _responder, int256 _referrerID)",CreateDuel,0
0x869eb8a1a479a80f9907673eae8336625dc3e526,6955510,1545817854,0xd5a50165,RespondDuel(uint256 _duelID),RespondDuel,0
0x869eb8a1a479a80f9907673eae8336625dc3e526,6955510,1545817854,0xd5a50165,RespondDuel(uint256 _duelID),RespondDuel,0
0x869eb8a1a479a80f9907673eae8336625dc3e526,6955513,1545817915,0xa5d54a9d,GetWin(uint256 _duelID),GetWin,0
0x869eb8a1a479a80f9907673eae8336625dc3e526,6955514,1545817932,0xa5d54a9d,GetWin(uint256 _duelID),GetWin,0
0x869eb8a1a479a80f9907673eae8336625dc3e526,6955563,1545818524,0xd5a50165,RespondDuel(uint256 _duelID),RespondDuel,0
0x869eb8a1a479a80f9907673eae8336625dc3e526,6955568,1545818575,0xa5d54a9d,GetWin(uint256 _duelID),GetWin,0
0x869eb8a1a479a80f9907673eae8336625dc3e526,6955572,1545818626,0xd5a50165,RespondDuel(uint256 _duelID),RespondDuel,0
0x869eb8a1a479a80f9907673eae8336625dc3e526,6955576,1545818673,0xa5d54a9d,GetWin(uint256 _duelID),GetWin,0
0x869eb8a1a479a80f9907673eae8336625dc3e526,6955592,1545818990,0xe2dd3e0c,"CreateDuel(address _responder, int256 _referrerID)",CreateDuel,0
0x869eb8a1a479a80f9907673eae8336625dc3e526,6955618,1545819329,0xd5a50165,RespondDuel(uint256 _duelID),RespondDuel,0
0x869eb8a1a479a80f9907673eae8336625dc3e526,6955655,1545819861,0xe2dd3e0c,"CreateDuel(address _responder, int256 _referrerID)",CreateDuel,0
0x869eb8a1a479a80f9907673eae8336625dc3e526,6955764,1545821468,0xe2dd3e0c,"CreateDuel(address _responder, int256 _referrerID)",CreateDuel,0
0x869eb8a1a479a80f9907673eae8336625dc3e526,6955768,1545821498,0xe2dd3e0c,"CreateDuel(address _responder, int256 _referrerID)",CreateDuel,0
0x869eb8a1a479a80f9907673eae8336625dc3e526,6955771,1545821538,0xe2dd3e0c,"CreateDuel(address _responder, int256 _referrerID)",CreateDuel,0
0x869eb8a1a479a80f9907673eae8336625dc3e526,6955780,1545821699,0xe2dd3e0c,"CreateDuel(address _responder, int256 _referrerID)",CreateDuel,0
0x869eb8a1a479a80f9907673eae8336625dc3e526,6955813,1545822263,0xe2dd3e0c,"CreateDuel(address _responder, int256 _referrerID)",CreateDuel,0
0x869eb8a1a479a80f9907673eae8336625dc3e526,6955817,1545822323,0xe2dd3e0c,"CreateDuel(address _responder, int256 _referrerID)",CreateDuel,0
0x869eb8a1a479a80f9907673eae8336625dc3e526,6955858,1545823058,0xd5a50165,RespondDuel(uint256 _duelID),RespondDuel,0
0x869eb8a1a479a80f9907673eae8336625dc3e526,6955864,1545823252,0xa5d54a9d,GetWin(uint256 _duelID),GetWin,0
0x869eb8a1a479a80f9907673eae8336625dc3e526,6955872,1545823307,0xd5a50165,RespondDuel(uint256 _duelID),RespondDuel,0
0x869eb8a1a479a80f9907673eae8336625dc3e526,6955877,1545823359,0xa5d54a9d,GetWin(uint256 _duelID),GetWin,0
0x869eb8a1a479a80f9907673eae8336625dc3e526,6955880,1545823452,0xd5a50165,RespondDuel(uint256 _duelID),RespondDuel,0
0x869eb8a1a479a80f9907673eae8336625dc3e526,6955881,1545823455,0xa5d54a9d,GetWin(uint256 _duelID),GetWin,0
0x869eb8a1a479a80f9907673eae8336625dc3e526,6955884,1545823512,0xa5d54a9d,GetWin(uint256 _duelID),GetWin,0
0x869eb8a1a479a80f9907673eae8336625dc3e526,6955884,1545823512,0xd5a50165,RespondDuel(uint256 _duelID),RespondDuel,0
0x869eb8a1a479a80f9907673eae8336625dc3e526,6955890,1545823592,0xa5d54a9d,GetWin(uint256 _duelID),GetWin,0
0x869eb8a1a479a80f9907673eae8336625dc3e526,6955901,1545823759,0xd5a50165,RespondDuel(uint256 _duelID),RespondDuel,0
0x869eb8a1a479a80f9907673eae8336625dc3e526,6955906,1545823827,0xa5d54a9d,GetWin(uint256 _duelID),GetWin,0
0x869eb8a1a479a80f9907673eae8336625dc3e526,6955938,1545824167,0xe2dd3e0c,"CreateDuel(address _responder, int256 _referrerID)",CreateDuel,0
0x869eb8a1a479a80f9907673eae8336625dc3e526,6955942,1545824210,0xe2dd3e0c,"CreateDuel(address _responder, int256 _referrerID)",CreateDuel,0
0x869eb8a1a479a80f9907673eae8336625dc3e526,6955948,1545824357,0xe2dd3e0c,"CreateDuel(address _responder, int256 _referrerID)",CreateDuel,0
0x869eb8a1a479a80f9907673eae8336625dc3e526,6955959,1545824574,0xd5a50165,RespondDuel(uint256 _duelID),RespondDuel,0
0x869eb8a1a479a80f9907673eae8336625dc3e526,6955963,1545824635,0xa5d54a9d,GetWin(uint256 _duelID),GetWin,0
0x869eb8a1a479a80f9907673eae8336625dc3e526,6955964,1545824654,0xd5a50165,RespondDuel(uint256 _duelID),RespondDuel,0
0x869eb8a1a479a80f9907673eae8336625dc3e526,6955968,1545824674,0xa5d54a9d,GetWin(uint256 _duelID),GetWin,0
0x869eb8a1a479a80f9907673eae8336625dc3e526,6956146,1545827121,0xe2dd3e0c,"CreateDuel(address _responder, int256 _referrerID)",CreateDuel,0
0x869eb8a1a479a80f9907673eae8336625dc3e526,6956281,1545829374,0xe2dd3e0c,"CreateDuel(address _responder, int256 _referrerID)",CreateDuel,0
0x869eb8a1a479a80f9907673eae8336625dc3e526,6956290,1545829478,0xe2dd3e0c,"CreateDuel(address _responder, int256 _referrerID)",CreateDuel,0
0x869eb8a1a479a80f9907673eae8336625dc3e526,6956294,1545829557,0xe2dd3e0c,"CreateDuel(address _responder, int256 _referrerID)",CreateDuel,0
0x869eb8a1a479a80f9907673eae8336625dc3e526,6956953,1545838262,0xd5a50165,RespondDuel(uint256 _duelID),RespondDuel,0
0x869eb8a1a479a80f9907673eae8336625dc3e526,6956956,1545838313,0xd5a50165,RespondDuel(uint256 _duelID),RespondDuel,0
0x869eb8a1a479a80f9907673eae8336625dc3e526,6956959,1545838337,0xa5d54a9d,GetWin(uint256 _duelID),GetWin,0
0x869eb8a1a479a80f9907673eae8336625dc3e526,6956962,1545838358,0xa5d54a9d,GetWin(uint256 _duelID),GetWin,0
0x869eb8a1a479a80f9907673eae8336625dc3e526,6957135,1545840913,0xd5a50165,RespondDuel(uint256 _duelID),RespondDuel,0
0x869eb8a1a479a80f9907673eae8336625dc3e526,6957138,1545840934,0xa5d54a9d,GetWin(uint256 _duelID),GetWin,0
0x869eb8a1a479a80f9907673eae8336625dc3e526,6957138,1545840934,0xd5a50165,RespondDuel(uint256 _duelID),RespondDuel,0
0x869eb8a1a479a80f9907673eae8336625dc3e526,6957142,1545841042,0xa5d54a9d,GetWin(uint256 _duelID),GetWin,0
0x869eb8a1a479a80f9907673eae8336625dc3e526,6959047,1545868794,0xd5a50165,RespondDuel(uint256 _duelID),RespondDuel,0
0x869eb8a1a479a80f9907673eae8336625dc3e526,6959051,1545868891,0xa5d54a9d,GetWin(uint256 _duelID),GetWin,0
0x869eb8a1a479a80f9907673eae8336625dc3e526,6959054,1545868910,0xe2dd3e0c,"CreateDuel(address _responder, int256 _referrerID)",CreateDuel,0
0x869eb8a1a479a80f9907673eae8336625dc3e526,6959620,1545877307,0xd5a50165,RespondDuel(uint256 _duelID),RespondDuel,0
0x869eb8a1a479a80f9907673eae8336625dc3e526,6959624,1545877390,0xa5d54a9d,GetWin(uint256 _duelID),GetWin,0
0x869eb8a1a479a80f9907673eae8336625dc3e526,6959632,1545877508,0xe2dd3e0c,"CreateDuel(address _responder, int256 _referrerID)",CreateDuel,0
0x869eb8a1a479a80f9907673eae8336625dc3e526,6959645,1545877776,0xe2dd3e0c,"CreateDuel(address _responder, int256 _referrerID)",CreateDuel,0
0x869eb8a1a479a80f9907673eae8336625dc3e526,6959712,1545879034,0xd5a50165,RespondDuel(uint256 _duelID),RespondDuel,0
0x869eb8a1a479a80f9907673eae8336625dc3e526,6959716,1545879066,0xa5d54a9d,GetWin(uint256 _duelID),GetWin,0
0x869eb8a1a479a80f9907673eae8336625dc3e526,6960019,1545883897,0xe2dd3e0c,"CreateDuel(address _responder, int256 _referrerID)",CreateDuel,0
0x869eb8a1a479a80f9907673eae8336625dc3e526,6960046,1545884248,0xd5a50165,RespondDuel(uint256 _duelID),RespondDuel,0
0x869eb8a1a479a80f9907673eae8336625dc3e526,6960050,1545884322,0xa5d54a9d,GetWin(uint256 _duelID),GetWin,0
0x869eb8a1a479a80f9907673eae8336625dc3e526,6960065,1545884550,0xd5a50165,RespondDuel(uint256 _duelID),RespondDuel,0
0x869eb8a1a479a80f9907673eae8336625dc3e526,6960068,1545884572,0xa5d54a9d,GetWin(uint256 _duelID),GetWin,0
0x869eb8a1a479a80f9907673eae8336625dc3e526,6960323,1545888455,0xd5a50165,RespondDuel(uint256 _duelID),RespondDuel,0
0x869eb8a1a479a80f9907673eae8336625dc3e526,6960329,1545888505,0xa5d54a9d,GetWin(uint256 _duelID),GetWin,0
0x869eb8a1a479a80f9907673eae8336625dc3e526,6960332,1545888556,0xd5a50165,RespondDuel(uint256 _duelID),RespondDuel,0
0x869eb8a1a479a80f9907673eae8336625dc3e526,6960342,1545888715,0xa5d54a9d,GetWin(uint256 _duelID),GetWin,0
0x869eb8a1a479a80f9907673eae8336625dc3e526,6960942,1545897487,0xe2dd3e0c,"CreateDuel(address _responder, int256 _referrerID)",CreateDuel,0
0x869eb8a1a479a80f9907673eae8336625dc3e526,6961054,1545899105,0xe2dd3e0c,"CreateDuel(address _responder, int256 _referrerID)",CreateDuel,0
0x869eb8a1a479a80f9907673eae8336625dc3e526,6961207,1545901364,0xe2dd3e0c,"CreateDuel(address _responder, int256 _referrerID)",CreateDuel,0
0x869eb8a1a479a80f9907673eae8336625dc3e526,6961754,1545909424,0xe2dd3e0c,"CreateDuel(address _responder, int256 _referrerID)",CreateDuel,0
0x869eb8a1a479a80f9907673eae8336625dc3e526,6961759,1545909505,0xd5a50165,RespondDuel(uint256 _duelID),RespondDuel,0
0x869eb8a1a479a80f9907673eae8336625dc3e526,6961763,1545909611,0xa5d54a9d,GetWin(uint256 _duelID),GetWin,0
0x869eb8a1a479a80f9907673eae8336625dc3e526,6961771,1545909694,0xd5a50165,RespondDuel(uint256 _duelID),RespondDuel,0
0x869eb8a1a479a80f9907673eae8336625dc3e526,6961775,1545909730,0xa5d54a9d,GetWin(uint256 _duelID),GetWin,0
0x869eb8a1a479a80f9907673eae8336625dc3e526,6961812,1545910206,0xe2dd3e0c,"CreateDuel(address _responder, int256 _referrerID)",CreateDuel,0
0x869eb8a1a479a80f9907673eae8336625dc3e526,6962196,1545915640,0xe2dd3e0c,"CreateDuel(address _responder, int256 _referrerID)",CreateDuel,0
0x869eb8a1a479a80f9907673eae8336625dc3e526,6963282,1545931580,0xd5a50165,RespondDuel(uint256 _duelID),RespondDuel,0
0x869eb8a1a479a80f9907673eae8336625dc3e526,6963286,1545931627,0xa5d54a9d,GetWin(uint256 _duelID),GetWin,0
0x869eb8a1a479a80f9907673eae8336625dc3e526,6963287,1545931659,0xd5a50165,RespondDuel(uint256 _duelID),RespondDuel,0
0x869eb8a1a479a80f9907673eae8336625dc3e526,6963291,1545931752,0xa5d54a9d,GetWin(uint256 _duelID),GetWin,0
0x869eb8a1a479a80f9907673eae8336625dc3e526,6963293,1545931768,0xd5a50165,RespondDuel(uint256 _duelID),RespondDuel,0
0x869eb8a1a479a80f9907673eae8336625dc3e526,6963297,1545931819,0xa5d54a9d,GetWin(uint256 _duelID),GetWin,0
0x869eb8a1a479a80f9907673eae8336625dc3e526,6965169,1545958676,0xe2dd3e0c,"CreateDuel(address _responder, int256 _referrerID)",CreateDuel,0
0x869eb8a1a479a80f9907673eae8336625dc3e526,6965474,1545963390,0xe2dd3e0c,"CreateDuel(address _responder, int256 _referrerID)",CreateDuel,0
0x869eb8a1a479a80f9907673eae8336625dc3e526,6966264,1545975097,0xd5a50165,RespondDuel(uint256 _duelID),RespondDuel,0
0x869eb8a1a479a80f9907673eae8336625dc3e526,6966270,1545975232,0xa5d54a9d,GetWin(uint256 _duelID),GetWin,0
0x869eb8a1a479a80f9907673eae8336625dc3e526,6966499,1545978379,0xe2dd3e0c,"CreateDuel(address _responder, int256 _referrerID)",CreateDuel,0
0x869eb8a1a479a80f9907673eae8336625dc3e526,6971791,1546055771,0xe2dd3e0c,"CreateDuel(address _responder, int256 _referrerID)",CreateDuel,0
0x869eb8a1a479a80f9907673eae8336625dc3e526,6973906,1546087056,0xd5a50165,RespondDuel(uint256 _duelID),RespondDuel,0
0x869eb8a1a479a80f9907673eae8336625dc3e526,6973910,1546087122,0xa5d54a9d,GetWin(uint256 _duelID),GetWin,0
0x869eb8a1a479a80f9907673eae8336625dc3e526,6974995,1546103155,0xd5a50165,RespondDuel(uint256 _duelID),RespondDuel,0
0x869eb8a1a479a80f9907673eae8336625dc3e526,6975000,1546103201,0xa5d54a9d,GetWin(uint256 _duelID),GetWin,0
0x869eb8a1a479a80f9907673eae8336625dc3e526,6975125,1546104977,0xd5a50165,RespondDuel(uint256 _duelID),RespondDuel,0
0x869eb8a1a479a80f9907673eae8336625dc3e526,6975132,1546105035,0xa5d54a9d,GetWin(uint256 _duelID),GetWin,0
0x869eb8a1a479a80f9907673eae8336625dc3e526,6975174,1546105718,0xd5a50165,RespondDuel(uint256 _duelID),RespondDuel,0
0x869eb8a1a479a80f9907673eae8336625dc3e526,6975177,1546105798,0xa5d54a9d,GetWin(uint256 _duelID),GetWin,0
0x869eb8a1a479a80f9907673eae8336625dc3e526,6978041,1546146522,0xe2dd3e0c,"CreateDuel(address _responder, int256 _referrerID)",CreateDuel,0
0x869eb8a1a479a80f9907673eae8336625dc3e526,6978072,1546146861,0xd5a50165,RespondDuel(uint256 _duelID),RespondDuel,0
0x869eb8a1a479a80f9907673eae8336625dc3e526,6978077,1546146910,0xa5d54a9d,GetWin(uint256 _duelID),GetWin,0
0x869eb8a1a479a80f9907673eae8336625dc3e526,6979864,1546173468,0xd5a50165,RespondDuel(uint256 _duelID),RespondDuel,0
0x869eb8a1a479a80f9907673eae8336625dc3e526,6979868,1546173505,0xa5d54a9d,GetWin(uint256 _duelID),GetWin,0
0x869eb8a1a479a80f9907673eae8336625dc3e526,6979871,1546173543,0xe2dd3e0c,"CreateDuel(address _responder, int256 _referrerID)",CreateDuel,0
0x869eb8a1a479a80f9907673eae8336625dc3e526,6997657,1546433312,0xd5a50165,RespondDuel(uint256 _duelID),RespondDuel,0
0x869eb8a1a479a80f9907673eae8336625dc3e526,6997664,1546433409,0xa5d54a9d,GetWin(uint256 _duelID),GetWin,0
0x869eb8a1a479a80f9907673eae8336625dc3e526,7000876,1546480787,0xe2dd3e0c,"CreateDuel(address _responder, int256 _referrerID)",CreateDuel,0
0x869eb8a1a479a80f9907673eae8336625dc3e526,7000880,1546480862,0xe2dd3e0c,"CreateDuel(address _responder, int256 _referrerID)",CreateDuel,0
0x869eb8a1a479a80f9907673eae8336625dc3e526,7000886,1546480928,0xd5a50165,RespondDuel(uint256 _duelID),RespondDuel,0
0x869eb8a1a479a80f9907673eae8336625dc3e526,7000889,1546480967,0xa5d54a9d,GetWin(uint256 _duelID),GetWin,0
0x869eb8a1a479a80f9907673eae8336625dc3e526,7001360,1546488222,0xe2dd3e0c,"CreateDuel(address _responder, int256 _referrerID)",CreateDuel,0
0x869eb8a1a479a80f9907673eae8336625dc3e526,7003236,1546517109,0xd5a50165,RespondDuel(uint256 _duelID),RespondDuel,0
0x869eb8a1a479a80f9907673eae8336625dc3e526,7003243,1546517169,0xe2dd3e0c,"CreateDuel(address _responder, int256 _referrerID)",CreateDuel,0
0x869eb8a1a479a80f9907673eae8336625dc3e526,7003243,1546517169,0xa5d54a9d,GetWin(uint256 _duelID),GetWin,0
0x869eb8a1a479a80f9907673eae8336625dc3e526,7003555,1546521888,0xe2dd3e0c,"CreateDuel(address _responder, int256 _referrerID)",CreateDuel,0
0x869eb8a1a479a80f9907673eae8336625dc3e526,7003591,1546522369,0xd5a50165,RespondDuel(uint256 _duelID),RespondDuel,0
0x869eb8a1a479a80f9907673eae8336625dc3e526,7003595,1546522432,0xa5d54a9d,GetWin(uint256 _duelID),GetWin,0
0x869eb8a1a479a80f9907673eae8336625dc3e526,7003936,1546527654,0xe2dd3e0c,"CreateDuel(address _responder, int256 _referrerID)",CreateDuel,0
0x869eb8a1a479a80f9907673eae8336625dc3e526,7007321,1546580272,0xd5a50165,RespondDuel(uint256 _duelID),RespondDuel,0
0x869eb8a1a479a80f9907673eae8336625dc3e526,7007327,1546580329,0xa5d54a9d,GetWin(uint256 _duelID),GetWin,0
0x869eb8a1a479a80f9907673eae8336625dc3e526,7007360,1546580825,0xe2dd3e0c,"CreateDuel(address _responder, int256 _referrerID)",CreateDuel,0
0x869eb8a1a479a80f9907673eae8336625dc3e526,7007600,1546584854,0xe2dd3e0c,"CreateDuel(address _responder, int256 _referrerID)",CreateDuel,0
0x869eb8a1a479a80f9907673eae8336625dc3e526,7012003,1546653898,0xe2dd3e0c,"CreateDuel(address _responder, int256 _referrerID)",CreateDuel,0
0x869eb8a1a479a80f9907673eae8336625dc3e526,7012765,1546665878,0xd5a50165,RespondDuel(uint256 _duelID),RespondDuel,0
0x869eb8a1a479a80f9907673eae8336625dc3e526,7012769,1546665951,0xa5d54a9d,GetWin(uint256 _duelID),GetWin,0
0x869eb8a1a479a80f9907673eae8336625dc3e526,7014089,1546685904,0xd5a50165,RespondDuel(uint256 _duelID),RespondDuel,0
0x869eb8a1a479a80f9907673eae8336625dc3e526,7014093,1546685961,0xa5d54a9d,GetWin(uint256 _duelID),GetWin,0
0x869eb8a1a479a80f9907673eae8336625dc3e526,7014310,1546689356,0xe2dd3e0c,"CreateDuel(address _responder, int256 _referrerID)",CreateDuel,0
0x869eb8a1a479a80f9907673eae8336625dc3e526,7014722,1546695440,0xd5a50165,RespondDuel(uint256 _duelID),RespondDuel,0
0x869eb8a1a479a80f9907673eae8336625dc3e526,7014726,1546695493,0xa5d54a9d,GetWin(uint256 _duelID),GetWin,0
0x869eb8a1a479a80f9907673eae8336625dc3e526,7016156,1546717737,0xe2dd3e0c,"CreateDuel(address _responder, int256 _referrerID)",CreateDuel,0
0x869eb8a1a479a80f9907673eae8336625dc3e526,7019557,1546769689,0xd5a50165,RespondDuel(uint256 _duelID),RespondDuel,0
0x869eb8a1a479a80f9907673eae8336625dc3e526,7019561,1546769789,0xa5d54a9d,GetWin(uint256 _duelID),GetWin,0
0x869eb8a1a479a80f9907673eae8336625dc3e526,7019951,1546775761,0xe2dd3e0c,"CreateDuel(address _responder, int256 _referrerID)",CreateDuel,0
0x869eb8a1a479a80f9907673eae8336625dc3e526,7025089,1546855451,0xd5a50165,RespondDuel(uint256 _duelID),RespondDuel,0
0x869eb8a1a479a80f9907673eae8336625dc3e526,7025094,1546855501,0xa5d54a9d,GetWin(uint256 _duelID),GetWin,0
0x869eb8a1a479a80f9907673eae8336625dc3e526,7026166,1546871630,0xd5a50165,RespondDuel(uint256 _duelID),RespondDuel,0
0x869eb8a1a479a80f9907673eae8336625dc3e526,7026170,1546871700,0xa5d54a9d,GetWin(uint256 _duelID),GetWin,0
0x869eb8a1a479a80f9907673eae8336625dc3e526,7026174,1546871725,0xd5a50165,RespondDuel(uint256 _duelID),RespondDuel,0
0x869eb8a1a479a80f9907673eae8336625dc3e526,7026178,1546871769,0xa5d54a9d,GetWin(uint256 _duelID),GetWin,0
0x869eb8a1a479a80f9907673eae8336625dc3e526,7026246,1546872760,0xe2dd3e0c,"CreateDuel(address _responder, int256 _referrerID)",CreateDuel,0
0x869eb8a1a479a80f9907673eae8336625dc3e526,7026265,1546873059,0xd5a50165,RespondDuel(uint256 _duelID),RespondDuel,0
0x869eb8a1a479a80f9907673eae8336625dc3e526,7026269,1546873114,0xa5d54a9d,GetWin(uint256 _duelID),GetWin,0
0x869eb8a1a479a80f9907673eae8336625dc3e526,7026281,1546873365,0xe2dd3e0c,"CreateDuel(address _responder, int256 _referrerID)",CreateDuel,0
0x869eb8a1a479a80f9907673eae8336625dc3e526,7026328,1546873985,0xd5a50165,RespondDuel(uint256 _duelID),RespondDuel,0
0x869eb8a1a479a80f9907673eae8336625dc3e526,7026333,1546874039,0xa5d54a9d,GetWin(uint256 _duelID),GetWin,0
0x869eb8a1a479a80f9907673eae8336625dc3e526,7026451,1546875667,0xe2dd3e0c,"CreateDuel(address _responder, int256 _referrerID)",CreateDuel,0
0x869eb8a1a479a80f9907673eae8336625dc3e526,7031058,1546947571,0xd5a50165,RespondDuel(uint256 _duelID),RespondDuel,0
0x869eb8a1a479a80f9907673eae8336625dc3e526,7031062,1546947667,0xa5d54a9d,GetWin(uint256 _duelID),GetWin,0
0x869eb8a1a479a80f9907673eae8336625dc3e526,7031065,1546947714,0xe2dd3e0c,"CreateDuel(address _responder, int256 _referrerID)",CreateDuel,0
0x869eb8a1a479a80f9907673eae8336625dc3e526,7031070,1546947751,0xe2dd3e0c,"CreateDuel(address _responder, int256 _referrerID)",CreateDuel,0
0x869eb8a1a479a80f9907673eae8336625dc3e526,7034327,1546998524,0xd5a50165,RespondDuel(uint256 _duelID),RespondDuel,0
0x869eb8a1a479a80f9907673eae8336625dc3e526,7034333,1546998593,0xa5d54a9d,GetWin(uint256 _duelID),GetWin,0
0x869eb8a1a479a80f9907673eae8336625dc3e526,7034333,1546998593,0xd5a50165,RespondDuel(uint256 _duelID),RespondDuel,0
0x869eb8a1a479a80f9907673eae8336625dc3e526,7034339,1546998664,0xa5d54a9d,GetWin(uint256 _duelID),GetWin,0
0x869eb8a1a479a80f9907673eae8336625dc3e526,7035199,1547011467,0xe2dd3e0c,"CreateDuel(address _responder, int256 _referrerID)",CreateDuel,0
0x869eb8a1a479a80f9907673eae8336625dc3e526,7035289,1547012796,0xd5a50165,RespondDuel(uint256 _duelID),RespondDuel,0
0x869eb8a1a479a80f9907673eae8336625dc3e526,7035293,1547012892,0xa5d54a9d,GetWin(uint256 _duelID),GetWin,0
0x869eb8a1a479a80f9907673eae8336625dc3e526,7037571,1547048571,0xe2dd3e0c,"CreateDuel(address _responder, int256 _referrerID)",CreateDuel,0
0x869eb8a1a479a80f9907673eae8336625dc3e526,7037823,1547052332,0xd5a50165,RespondDuel(uint256 _duelID),RespondDuel,0
0x869eb8a1a479a80f9907673eae8336625dc3e526,7037827,1547052415,0xa5d54a9d,GetWin(uint256 _duelID),GetWin,0
0x869eb8a1a479a80f9907673eae8336625dc3e526,7037887,1547053237,0xe2dd3e0c,"CreateDuel(address _responder, int256 _referrerID)",CreateDuel,0
0x869eb8a1a479a80f9907673eae8336625dc3e526,7037967,1547054518,0xe2dd3e0c,"CreateDuel(address _responder, int256 _referrerID)",CreateDuel,0
0x869eb8a1a479a80f9907673eae8336625dc3e526,7037972,1547054587,0xd5a50165,RespondDuel(uint256 _duelID),RespondDuel,0
0x869eb8a1a479a80f9907673eae8336625dc3e526,7037977,1547054682,0xa5d54a9d,GetWin(uint256 _duelID),GetWin,0
0x869eb8a1a479a80f9907673eae8336625dc3e526,7037985,1547054785,0xe2dd3e0c,"CreateDuel(address _responder, int256 _referrerID)",CreateDuel,0
0x869eb8a1a479a80f9907673eae8336625dc3e526,7037992,1547054904,0xe2dd3e0c,"CreateDuel(address _responder, int256 _referrerID)",CreateDuel,0
0x869eb8a1a479a80f9907673eae8336625dc3e526,7037998,1547055025,0x38520451,DeleteDuel(uint256 _duelID),DeleteDuel,0
0x869eb8a1a479a80f9907673eae8336625dc3e526,7038028,1547055375,0xd5a50165,RespondDuel(uint256 _duelID),RespondDuel,0
0x869eb8a1a479a80f9907673eae8336625dc3e526,7038036,1547055487,0xe2dd3e0c,"CreateDuel(address _responder, int256 _referrerID)",CreateDuel,0
0x869eb8a1a479a80f9907673eae8336625dc3e526,7038038,1547055530,0xe2dd3e0c,"CreateDuel(address _responder, int256 _referrerID)",CreateDuel,0
0x869eb8a1a479a80f9907673eae8336625dc3e526,7038065,1547055905,0xd5a50165,RespondDuel(uint256 _duelID),RespondDuel,0
0x869eb8a1a479a80f9907673eae8336625dc3e526,7038074,1547056033,0xd5a50165,RespondDuel(uint256 _duelID),RespondDuel,0
0x869eb8a1a479a80f9907673eae8336625dc3e526,7038080,1547056125,0xa5d54a9d,GetWin(uint256 _duelID),GetWin,0
0x869eb8a1a479a80f9907673eae8336625dc3e526,7038245,1547058784,0xe2dd3e0c,"CreateDuel(address _responder, int256 _referrerID)",CreateDuel,0
0x869eb8a1a479a80f9907673eae8336625dc3e526,7038248,1547058811,0xe2dd3e0c,"CreateDuel(address _responder, int256 _referrerID)",CreateDuel,0
0x869eb8a1a479a80f9907673eae8336625dc3e526,7038295,1547059427,0xa5d54a9d,GetWin(uint256 _duelID),GetWin,0
0x869eb8a1a479a80f9907673eae8336625dc3e526,7038309,1547059656,0xa5d54a9d,GetWin(uint256 _duelID),GetWin,0
0x869eb8a1a479a80f9907673eae8336625dc3e526,7040002,1547086310,0xd5a50165,RespondDuel(uint256 _duelID),RespondDuel,0
0x869eb8a1a479a80f9907673eae8336625dc3e526,7040007,1547086389,0xa5d54a9d,GetWin(uint256 _duelID),GetWin,0
0x869eb8a1a479a80f9907673eae8336625dc3e526,7040013,1547086465,0xe2dd3e0c,"CreateDuel(address _responder, int256 _referrerID)",CreateDuel,0
0x869eb8a1a479a80f9907673eae8336625dc3e526,7040589,1547094830,0xd5a50165,RespondDuel(uint256 _duelID),RespondDuel,0
0x869eb8a1a479a80f9907673eae8336625dc3e526,7040592,1547094907,0xa5d54a9d,GetWin(uint256 _duelID),GetWin,0
0x869eb8a1a479a80f9907673eae8336625dc3e526,7040609,1547095219,0xe2dd3e0c,"CreateDuel(address _responder, int256 _referrerID)",CreateDuel,0
0x869eb8a1a479a80f9907673eae8336625dc3e526,7040745,1547097646,0xd5a50165,RespondDuel(uint256 _duelID),RespondDuel,0
0x869eb8a1a479a80f9907673eae8336625dc3e526,7040751,1547097699,0xa5d54a9d,GetWin(uint256 _duelID),GetWin,0
0x869eb8a1a479a80f9907673eae8336625dc3e526,7041977,1547117263,0xe2dd3e0c,"CreateDuel(address _responder, int256 _referrerID)",CreateDuel,0
0x869eb8a1a479a80f9907673eae8336625dc3e526,7042110,1547118923,0xd5a50165,RespondDuel(uint256 _duelID),RespondDuel,0
0x869eb8a1a479a80f9907673eae8336625dc3e526,7042113,1547118990,0xa5d54a9d,GetWin(uint256 _duelID),GetWin,0
0x869eb8a1a479a80f9907673eae8336625dc3e526,7042159,1547119624,0xe2dd3e0c,"CreateDuel(address _responder, int256 _referrerID)",CreateDuel,0
0x869eb8a1a479a80f9907673eae8336625dc3e526,7042268,1547121343,0xe2dd3e0c,"CreateDuel(address _responder, int256 _referrerID)",CreateDuel,0
0x869eb8a1a479a80f9907673eae8336625dc3e526,7042448,1547124118,0xd5a50165,RespondDuel(uint256 _duelID),RespondDuel,0
0x869eb8a1a479a80f9907673eae8336625dc3e526,7042449,1547124164,0xd5a50165,RespondDuel(uint256 _duelID),RespondDuel,0
0x869eb8a1a479a80f9907673eae8336625dc3e526,7042478,1547124581,0xe2dd3e0c,"CreateDuel(address _responder, int256 _referrerID)",CreateDuel,0
0x869eb8a1a479a80f9907673eae8336625dc3e526,7042480,1547124616,0xe2dd3e0c,"CreateDuel(address _responder, int256 _referrerID)",CreateDuel,0
0x869eb8a1a479a80f9907673eae8336625dc3e526,7042482,1547124644,0xe2dd3e0c,"CreateDuel(address _responder, int256 _referrerID)",CreateDuel,0
0x869eb8a1a479a80f9907673eae8336625dc3e526,7042483,1547124663,0xe2dd3e0c,"CreateDuel(address _responder, int256 _referrerID)",CreateDuel,0
0x869eb8a1a479a80f9907673eae8336625dc3e526,7042488,1547124685,0xd5a50165,RespondDuel(uint256 _duelID),RespondDuel,0
0x869eb8a1a479a80f9907673eae8336625dc3e526,7042496,1547124775,0xa5d54a9d,GetWin(uint256 _duelID),GetWin,0
0x869eb8a1a479a80f9907673eae8336625dc3e526,7042501,1547124923,0xa5d54a9d,GetWin(uint256 _duelID),GetWin,0
0x869eb8a1a479a80f9907673eae8336625dc3e526,7042696,1547127955,0xe2dd3e0c,"CreateDuel(address _responder, int256 _referrerID)",CreateDuel,0
0x869eb8a1a479a80f9907673eae8336625dc3e526,7042704,1547128028,0xd5a50165,RespondDuel(uint256 _duelID),RespondDuel,0
0x869eb8a1a479a80f9907673eae8336625dc3e526,7042712,1547128087,0xd5a50165,RespondDuel(uint256 _duelID),RespondDuel,0
0x869eb8a1a479a80f9907673eae8336625dc3e526,7042713,1547128109,0xa5d54a9d,GetWin(uint256 _duelID),GetWin,0
0x869eb8a1a479a80f9907673eae8336625dc3e526,7042716,1547128247,0xa5d54a9d,GetWin(uint256 _duelID),GetWin,0
0x869eb8a1a479a80f9907673eae8336625dc3e526,7042718,1547128287,0xd5a50165,RespondDuel(uint256 _duelID),RespondDuel,0
0x869eb8a1a479a80f9907673eae8336625dc3e526,7042721,1547128308,0xa5d54a9d,GetWin(uint256 _duelID),GetWin,0
0x869eb8a1a479a80f9907673eae8336625dc3e526,7042722,1547128329,0xa5d54a9d,GetWin(uint256 _duelID),GetWin,0
0x869eb8a1a479a80f9907673eae8336625dc3e526,7042740,1547128505,0x38520451,DeleteDuel(uint256 _duelID),DeleteDuel,0
0x869eb8a1a479a80f9907673eae8336625dc3e526,7042746,1547128666,0xe2dd3e0c,"CreateDuel(address _responder, int256 _referrerID)",CreateDuel,0
0x869eb8a1a479a80f9907673eae8336625dc3e526,7043025,1547132890,0x38520451,DeleteDuel(uint256 _duelID),DeleteDuel,0
0x869eb8a1a479a80f9907673eae8336625dc3e526,7043029,1547133009,0xe2dd3e0c,"CreateDuel(address _responder, int256 _referrerID)",CreateDuel,0
0x869eb8a1a479a80f9907673eae8336625dc3e526,7043047,1547133265,0xd5a50165,RespondDuel(uint256 _duelID),RespondDuel,0
0x869eb8a1a479a80f9907673eae8336625dc3e526,7043123,1547134264,0xa5d54a9d,GetWin(uint256 _duelID),GetWin,0
0x869eb8a1a479a80f9907673eae8336625dc3e526,7043142,1547134594,0xe2dd3e0c,"CreateDuel(address _responder, int256 _referrerID)",CreateDuel,0
0x869eb8a1a479a80f9907673eae8336625dc3e526,7043151,1547134876,0xd5a50165,RespondDuel(uint256 _duelID),RespondDuel,0
0x869eb8a1a479a80f9907673eae8336625dc3e526,7043181,1547135266,0xa5d54a9d,GetWin(uint256 _duelID),GetWin,0
0x869eb8a1a479a80f9907673eae8336625dc3e526,7043189,1547135448,0xe2dd3e0c,"CreateDuel(address _responder, int256 _referrerID)",CreateDuel,0
0x869eb8a1a479a80f9907673eae8336625dc3e526,7043197,1547135567,0xd5a50165,RespondDuel(uint256 _duelID),RespondDuel,0
0x869eb8a1a479a80f9907673eae8336625dc3e526,7043203,1547135658,0xa5d54a9d,GetWin(uint256 _duelID),GetWin,0
0x869eb8a1a479a80f9907673eae8336625dc3e526,7043214,1547135773,0xd5a50165,RespondDuel(uint256 _duelID),RespondDuel,0
0x869eb8a1a479a80f9907673eae8336625dc3e526,7043219,1547135889,0xa5d54a9d,GetWin(uint256 _duelID),GetWin,0
0x869eb8a1a479a80f9907673eae8336625dc3e526,7043225,1547136004,0xe2dd3e0c,"CreateDuel(address _responder, int256 _referrerID)",CreateDuel,0
0x869eb8a1a479a80f9907673eae8336625dc3e526,7043232,1547136167,0x38520451,DeleteDuel(uint256 _duelID),DeleteDuel,0
0x869eb8a1a479a80f9907673eae8336625dc3e526,7043319,1547137573,0xe2dd3e0c,"CreateDuel(address _responder, int256 _referrerID)",CreateDuel,0
0x869eb8a1a479a80f9907673eae8336625dc3e526,7043324,1547137633,0xd5a50165,RespondDuel(uint256 _duelID),RespondDuel,0
0x869eb8a1a479a80f9907673eae8336625dc3e526,7043392,1547138730,0xa5d54a9d,GetWin(uint256 _duelID),GetWin,0
0x869eb8a1a479a80f9907673eae8336625dc3e526,7043399,1547138981,0xe2dd3e0c,"CreateDuel(address _responder, int256 _referrerID)",CreateDuel,0
0x869eb8a1a479a80f9907673eae8336625dc3e526,7043411,1547139234,0xd5a50165,RespondDuel(uint256 _duelID),RespondDuel,0
0x869eb8a1a479a80f9907673eae8336625dc3e526,7043425,1547139432,0xa5d54a9d,GetWin(uint256 _duelID),GetWin,0
0x869eb8a1a479a80f9907673eae8336625dc3e526,7043436,1547139623,0xe2dd3e0c,"CreateDuel(address _responder, int256 _referrerID)",CreateDuel,0
0x869eb8a1a479a80f9907673eae8336625dc3e526,7043447,1547139845,0xd5a50165,RespondDuel(uint256 _duelID),RespondDuel,0
0x869eb8a1a479a80f9907673eae8336625dc3e526,7043458,1547139966,0xa5d54a9d,GetWin(uint256 _duelID),GetWin,0
0x869eb8a1a479a80f9907673eae8336625dc3e526,7043482,1547140343,0xe2dd3e0c,"CreateDuel(address _responder, int256 _referrerID)",CreateDuel,0
0x869eb8a1a479a80f9907673eae8336625dc3e526,7043489,1547140423,0xd5a50165,RespondDuel(uint256 _duelID),RespondDuel,0
0x869eb8a1a479a80f9907673eae8336625dc3e526,7043528,1547140993,0xe2dd3e0c,"CreateDuel(address _responder, int256 _referrerID)",CreateDuel,0
0x869eb8a1a479a80f9907673eae8336625dc3e526,7043532,1547141091,0xe2dd3e0c,"CreateDuel(address _responder, int256 _referrerID)",CreateDuel,0
0x869eb8a1a479a80f9907673eae8336625dc3e526,7043578,1547141804,0xe2dd3e0c,"CreateDuel(address _responder, int256 _referrerID)",CreateDuel,0
0x869eb8a1a479a80f9907673eae8336625dc3e526,7043583,1547141862,0xd5a50165,RespondDuel(uint256 _duelID),RespondDuel,0
0x869eb8a1a479a80f9907673eae8336625dc3e526,7043588,1547141977,0xa5d54a9d,GetWin(uint256 _duelID),GetWin,0
0x869eb8a1a479a80f9907673eae8336625dc3e526,7043734,1547144066,0xe2dd3e0c,"CreateDuel(address _responder, int256 _referrerID)",CreateDuel,0
0x869eb8a1a479a80f9907673eae8336625dc3e526,7043738,1547144155,0xd5a50165,RespondDuel(uint256 _duelID),RespondDuel,0
0x869eb8a1a479a80f9907673eae8336625dc3e526,7043743,1547144263,0xa5d54a9d,GetWin(uint256 _duelID),GetWin,0
0x869eb8a1a479a80f9907673eae8336625dc3e526,7043753,1547144451,0xa5d54a9d,GetWin(uint256 _duelID),GetWin,0
0x869eb8a1a479a80f9907673eae8336625dc3e526,7044030,1547148597,0xe2dd3e0c,"CreateDuel(address _responder, int256 _referrerID)",CreateDuel,0
0x869eb8a1a479a80f9907673eae8336625dc3e526,7044037,1547148705,0xd5a50165,RespondDuel(uint256 _duelID),RespondDuel,0
0x869eb8a1a479a80f9907673eae8336625dc3e526,7044040,1547148755,0xa5d54a9d,GetWin(uint256 _duelID),GetWin,0
0x869eb8a1a479a80f9907673eae8336625dc3e526,7044072,1547149273,0xe2dd3e0c,"CreateDuel(address _responder, int256 _referrerID)",CreateDuel,0
0x869eb8a1a479a80f9907673eae8336625dc3e526,7044081,1547149398,0xd5a50165,RespondDuel(uint256 _duelID),RespondDuel,0
0x869eb8a1a479a80f9907673eae8336625dc3e526,7044179,1547150699,0xa5d54a9d,GetWin(uint256 _duelID),GetWin,0
0x869eb8a1a479a80f9907673eae8336625dc3e526,7044180,1547150704,0xe2dd3e0c,"CreateDuel(address _responder, int256 _referrerID)",CreateDuel,0
0x869eb8a1a479a80f9907673eae8336625dc3e526,7044187,1547150892,0xd5a50165,RespondDuel(uint256 _duelID),RespondDuel,0
0x869eb8a1a479a80f9907673eae8336625dc3e526,7044210,1547151136,0xe2dd3e0c,"CreateDuel(address _responder, int256 _referrerID)",CreateDuel,0
0x869eb8a1a479a80f9907673eae8336625dc3e526,7044217,1547151280,0xd5a50165,RespondDuel(uint256 _duelID),RespondDuel,0
0x869eb8a1a479a80f9907673eae8336625dc3e526,7044222,1547151374,0xa5d54a9d,GetWin(uint256 _duelID),GetWin,0
0x869eb8a1a479a80f9907673eae8336625dc3e526,7044452,1547154930,0xa5d54a9d,GetWin(uint256 _duelID),GetWin,1
0x869eb8a1a479a80f9907673eae8336625dc3e526,7045857,1547176372,0xd5a50165,RespondDuel(uint256 _duelID),RespondDuel,0
0x869eb8a1a479a80f9907673eae8336625dc3e526,7045862,1547176403,0xa5d54a9d,GetWin(uint256 _duelID),GetWin,0
0x869eb8a1a479a80f9907673eae8336625dc3e526,7045864,1547176466,0xd5a50165,RespondDuel(uint256 _duelID),RespondDuel,0
0x869eb8a1a479a80f9907673eae8336625dc3e526,7045869,1547176519,0xa5d54a9d,GetWin(uint256 _duelID),GetWin,0
0x869eb8a1a479a80f9907673eae8336625dc3e526,7045939,1547177722,0xe2dd3e0c,"CreateDuel(address _responder, int256 _referrerID)",CreateDuel,0
0x869eb8a1a479a80f9907673eae8336625dc3e526,7045943,1547177814,0xd5a50165,RespondDuel(uint256 _duelID),RespondDuel,0
0x869eb8a1a479a80f9907673eae8336625dc3e526,7045946,1547177846,0xa5d54a9d,GetWin(uint256 _duelID),GetWin,0
0x869eb8a1a479a80f9907673eae8336625dc3e526,7046043,1547179444,0xe2dd3e0c,"CreateDuel(address _responder, int256 _referrerID)",CreateDuel,0
0x869eb8a1a479a80f9907673eae8336625dc3e526,7046046,1547179488,0xe2dd3e0c,"CreateDuel(address _responder, int256 _referrerID)",CreateDuel,0
0x869eb8a1a479a80f9907673eae8336625dc3e526,7046342,1547183953,0xe2dd3e0c,"CreateDuel(address _responder, int256 _referrerID)",CreateDuel,0
0x869eb8a1a479a80f9907673eae8336625dc3e526,7046351,1547184156,0xe2dd3e0c,"CreateDuel(address _responder, int256 _referrerID)",CreateDuel,0
0x869eb8a1a479a80f9907673eae8336625dc3e526,7046357,1547184406,0xd5a50165,RespondDuel(uint256 _duelID),RespondDuel,0
0x869eb8a1a479a80f9907673eae8336625dc3e526,7046361,1547184476,0xa5d54a9d,GetWin(uint256 _duelID),GetWin,0
0x869eb8a1a479a80f9907673eae8336625dc3e526,7046373,1547184690,0xd5a50165,RespondDuel(uint256 _duelID),RespondDuel,0
0x869eb8a1a479a80f9907673eae8336625dc3e526,7046378,1547184728,0xa5d54a9d,GetWin(uint256 _duelID),GetWin,0
0x869eb8a1a479a80f9907673eae8336625dc3e526,7046404,1547185141,0xd5a50165,RespondDuel(uint256 _duelID),RespondDuel,0
0x869eb8a1a479a80f9907673eae8336625dc3e526,7046409,1547185226,0xa5d54a9d,GetWin(uint256 _duelID),GetWin,0
0x869eb8a1a479a80f9907673eae8336625dc3e526,7046532,1547187201,0xa5d54a9d,GetWin(uint256 _duelID),GetWin,0
0x869eb8a1a479a80f9907673eae8336625dc3e526,7046672,1547189212,0xe2dd3e0c,"CreateDuel(address _responder, int256 _referrerID)",CreateDuel,0
0x869eb8a1a479a80f9907673eae8336625dc3e526,7046754,1547190564,0xe2dd3e0c,"CreateDuel(address _responder, int256 _referrerID)",CreateDuel,0
0x869eb8a1a479a80f9907673eae8336625dc3e526,7046783,1547191030,0xe2dd3e0c,"CreateDuel(address _responder, int256 _referrerID)",CreateDuel,0
0x869eb8a1a479a80f9907673eae8336625dc3e526,7046794,1547191252,0xe2dd3e0c,"CreateDuel(address _responder, int256 _referrerID)",CreateDuel,0
0x869eb8a1a479a80f9907673eae8336625dc3e526,7046882,1547192414,0xd5a50165,RespondDuel(uint256 _duelID),RespondDuel,0
0x869eb8a1a479a80f9907673eae8336625dc3e526,7046911,1547192907,0xa5d54a9d,GetWin(uint256 _duelID),GetWin,0
0x869eb8a1a479a80f9907673eae8336625dc3e526,7046965,1547193967,0xe2dd3e0c,"CreateDuel(address _responder, int256 _referrerID)",CreateDuel,0
0x869eb8a1a479a80f9907673eae8336625dc3e526,7046969,1547194087,0xd5a50165,RespondDuel(uint256 _duelID),RespondDuel,0
0x869eb8a1a479a80f9907673eae8336625dc3e526,7047089,1547195901,0xa5d54a9d,GetWin(uint256 _duelID),GetWin,0
0x869eb8a1a479a80f9907673eae8336625dc3e526,7047125,1547196593,0x38520451,DeleteDuel(uint256 _duelID),DeleteDuel,0
0x869eb8a1a479a80f9907673eae8336625dc3e526,7047143,1547196938,0x38520451,DeleteDuel(uint256 _duelID),DeleteDuel,0
0x869eb8a1a479a80f9907673eae8336625dc3e526,7047601,1547203722,0xe2dd3e0c,"CreateDuel(address _responder, int256 _referrerID)",CreateDuel,0
0x869eb8a1a479a80f9907673eae8336625dc3e526,7047624,1547204203,0xd5a50165,RespondDuel(uint256 _duelID),RespondDuel,0
0x869eb8a1a479a80f9907673eae8336625dc3e526,7047640,1547204383,0xe2dd3e0c,"CreateDuel(address _responder, int256 _referrerID)",CreateDuel,0
0x869eb8a1a479a80f9907673eae8336625dc3e526,7047648,1547204488,0xd5a50165,RespondDuel(uint256 _duelID),RespondDuel,0
0x869eb8a1a479a80f9907673eae8336625dc3e526,7047653,1547204580,0xa5d54a9d,GetWin(uint256 _duelID),GetWin,0
0x869eb8a1a479a80f9907673eae8336625dc3e526,7047799,1547206796,0xe2dd3e0c,"CreateDuel(address _responder, int256 _referrerID)",CreateDuel,0
0x869eb8a1a479a80f9907673eae8336625dc3e526,7048038,1547210716,0xe2dd3e0c,"CreateDuel(address _responder, int256 _referrerID)",CreateDuel,0
0x869eb8a1a479a80f9907673eae8336625dc3e526,7048046,1547210886,0xd5a50165,RespondDuel(uint256 _duelID),RespondDuel,0
0x869eb8a1a479a80f9907673eae8336625dc3e526,7048064,1547211189,0xe2dd3e0c,"CreateDuel(address _responder, int256 _referrerID)",CreateDuel,0
0x869eb8a1a479a80f9907673eae8336625dc3e526,7048081,1547211385,0xd5a50165,RespondDuel(uint256 _duelID),RespondDuel,0
0x869eb8a1a479a80f9907673eae8336625dc3e526,7048126,1547211879,0xe2dd3e0c,"CreateDuel(address _responder, int256 _referrerID)",CreateDuel,0
0x869eb8a1a479a80f9907673eae8336625dc3e526,7048152,1547212310,0xa5d54a9d,GetWin(uint256 _duelID),GetWin,0
0x869eb8a1a479a80f9907673eae8336625dc3e526,7048163,1547212476,0xa5d54a9d,GetWin(uint256 _duelID),GetWin,0
0x869eb8a1a479a80f9907673eae8336625dc3e526,7048205,1547213220,0xe2dd3e0c,"CreateDuel(address _responder, int256 _referrerID)",CreateDuel,0
0x869eb8a1a479a80f9907673eae8336625dc3e526,7048207,1547213253,0xd5a50165,RespondDuel(uint256 _duelID),RespondDuel,0
0x869eb8a1a479a80f9907673eae8336625dc3e526,7048214,1547213364,0xa5d54a9d,GetWin(uint256 _duelID),GetWin,0
0x869eb8a1a479a80f9907673eae8336625dc3e526,7048256,1547214116,0xe2dd3e0c,"CreateDuel(address _responder, int256 _referrerID)",CreateDuel,0
